hid;bez;lat;lng;coordinate
10001;S Adlershof (Berlin);52.435.102.000.000;13.540.553.000.000;01010000004C361E6CB1374A406682E15CC3142B40
10002;S Ahrensfelde Bhf (Berlin);52.571.564.000.000;13.566.118.000.000;010100000015C9570229494A40965AEF37DA212B40
10003;S Alt-Reinickendorf (Berlin);52.577.969.000.000;13.349.747.000.000;0101000000098D60E3FA494A408CBFED0912B32A40
10004;S Altglienicke (Berlin);52.407.791.000.000;13.559.602.000.000;0101000000344DD87E32344A40698D4127841E2B40
10005;S Anhalter Bahnhof (Berlin);52.504.538.000.000;13.382.077.000.000;01010000006CCB80B394404A408B1BB7989FC32A40
10006;S Attilastr. (Berlin);52.447.298.000.000;13.361.177.000.000;01010000007AC8940F41394A4081221631ECB82A40
10007;S Baumschulenweg (Berlin);52.467.581.000.000;13.489.505.000.000;0101000000919DB7B1D93B4A40FB743C66A0FA2A40
10008;S Bellevue (Berlin);52.519.951.000.000;13.347.098.000.000;0101000000E1421EC18D424A4097033DD4B6B12A40
10009;S Betriebsbahnhof Rummelsburg (Berlin);52.493.957.000.000;13.497.509.000.000;0101000000AD50A4FB393F4A406CEEE87FB9FE2A40
10010;S Betriebsbahnhof Schöneweide (Berlin);52.446.695.000.000;13.524.028.000.000;0101000000B324404D2D394A406760E4654D0C2B40
10011;S Beusselstr. (Berlin);52.534.314.000.000;13.328.703.000.000;0101000000C1E5B16664444A40B63176C24BA82A40
10012;S Biesdorf (Berlin);52.513.059.000.000;13.555.035.000.000;010100000090F5D4EAAB414A404E452A8C2D1C2B40
10013;S Blankenburg (Berlin);52.591.069.000.000;13.442.972.000.000;0101000000F7562426A84B4A406116DA39CDE22A40
10014;S Bornholmer Str. (Berlin);52.554.763.000.000;13.397.841.000.000;0101000000F303577902474A401004C8D0B1CB2A40
10015;S Botanischer Garten (Berlin);52.447.552.000.000;13.306.041.000.000;010100000034A1496249394A406478EC67B19C2A40
10016;S Buch (Berlin);52.636.614.000.000;13.492.452.000.000;01010000007F164B917C514A4018B325AB22FC2A40
10017;S Buckower Chaussee (Berlin);52.410.919.000.000;13.382.689.000.000;01010000000B2769FE98344A40F01307D0EFC32A40
10018;S Charlottenburg Bhf (Berlin);52.504.805.000.000;13.303.843.000.000;0101000000BBED42739D404A40B03C484F919B2A40
10019;S Charlottenburg/Gervinusstr. (Berlin);52.503.992.000.000;13.304.063.000.000;01010000000AB952CF82404A40E8D84125AE9B2A40
10020;S Eichborndamm (Berlin);52.577.545.000.000;13.315.583.000.000;0101000000F27B9BFEEC494A40DE58501894A12A40
10021;S Feuerbachstr. (Berlin);52.463.578.000.000;13.332.412.000.000;010100000092921E86563B4A408D98D9E731AA2A40
10022;S Flughafen Berlin-Schönefeld Bhf;52.390.792.000.000;13.513.522.000.000;0101000000EBC4E57805324A40938D075BEC062B40
10023;S Friedenau (Berlin);52.470.002.000.000;13.340.598.000.000;0101000000FD868906293C4A40802A6EDC62AE2A40
10024;S Friedrichsfelde Ost (Berlin);52.513.747.000.000;13.520.043.000.000;010100000085B53176C2414A4007077B13430A2B40
10025;S Friedrichshagen (Berlin);52.457.090.000.000;13.625.462.000.000;010100000011AAD4EC813A4A4011C8258E3C402B40
10026;S Frohnau (Berlin);52.632.958.000.000;13.289.564.000.000;0101000000ECDE8AC404514A40A9328CBB41942A40
10027;S Gehrenseestr. (Berlin);52.555.736.000.000;13.525.653.000.000;0101000000DD9A745B22474A40AD16D863220D2B40
10028;S Greifswalder Str. (Berlin);52.540.724.000.000;13.438.356.000.000;0101000000C614AC7136454A40C102983270E02A40
10029;S Grunewald (Berlin);52.488.680.000.000;13.261.944.000.000;0101000000CA1AF5108D3E4A4050C422861D862A40
10030;S Grünau (Berlin);52.412.714.000.000;13.574.018.000.000;0101000000F94CF6CFD3344A4073A1F2AFE5252B40
10031;S Grünbergallee (Berlin);52.399.539.000.000;13.543.222.000.000;0101000000FF3C0D1824334A4078EFA83121162B40
10032;S Hackescher Markt (Berlin);52.522.607.000.000;13.402.358.000.000;010100000091D442C9E4424A40649126DE01CE2A40
10033;S Halensee (Berlin);52.496.698.000.000;13.290.151.000.000;01010000008BFED0CC933F4A40ABCDFFAB8E942A40
10034;S Heerstr. (Berlin);52.508.273.000.000;13.258.514.000.000;01010000004C38F4160F414A40C51D6FF25B842A40
10035;S Heiligensee (Berlin);52.625.148.000.000;13.228.667.000.000;0101000000759483D904504A404F594DD713752A40
10036;S Hennigsdorf (Berlin);52.637.867.000.000;13.205.874.000.000;01010000004C1938A0A5514A408331225168692A40
10037;S Hermsdorf (Berlin);52.618.165.000.000;13.306.804.000.000;01010000001344DD07204F4A406090F469159D2A40
10038;S Hirschgarten (Berlin);52.457.903.000.000;13.601.480.000.000;0101000000C2DEC4909C3A4A406B65C22FF5332B40
10039;S Hohenschönhausen Bhf (Berlin);52.566.549.000.000;13.513.698.000.000;01010000006F4A79AD84484A408D0A9C6C03072B40
10040;S Hohenzollerndamm (Berlin);52.488.337.000.000;13.300.714.000.000;0101000000A036AAD3813E4A4010E6762FF7992A40
10041;S Humboldthain (Berlin);52.544.738.000.000;13.378.730.000.000;0101000000B9718BF9B9454A40350708E6E8C12A40
10042;S Julius-Leber-Brücke (Berlin);52.486.263.000.000;13.360.775.000.000;01010000009F20B1DD3D3E4A40C66D3480B7B82A40
10043;S Karlshorst (Berlin);52.481.038.000.000;13.525.981.000.000;01010000000E1137A7923D4A407FA2B2614D0D2B40
10044;S Karlshorst /Wandlitzstr. (Berlin);52.479.568.000.000;13.524.914.000.000;0101000000A41AF67B623D4A40D36C1E87C10C2B40
10045;S Karow Bhf (Berlin);52.615.755.000.000;13.470.081.000.000;01010000009BAC510FD14E4A4024F1F274AEF02A40
10046;S Kaulsdorf (Berlin);52.512.122.000.000;13.589.030.000.000;0101000000F3C7B4368D414A40CBB91457952D2B40
10047;S Köllnische Heide (Berlin);52.469.168.000.000;13.467.529.000.000;0101000000352A70B20D3C4A40F9DC09F65FEF2A40
10048;S Köpenick (Berlin);52.458.692.000.000;13.579.543.000.000;0101000000EA77616BB63A4A405F402FDCB9282B40
10049;S Landsberger Allee (Berlin);52.528.772.000.000;13.455.944.000.000;01010000002F8507CDAE434A40679DF17D71E92A40
10050;S Lankwitz (Berlin);52.439.034.000.000;13.342.760.000.000;010100000081EA1F4432384A4001C11C3D7EAF2A40
10051;S Lichtenrade (Berlin);52.387.676.000.000;13.396.234.000.000;0101000000D8B8FE5D9F314A406420CF2EDFCA2A40
10052;S Lichterfelde Ost Bhf (Berlin);52.429.098.000.000;13.328.078.000.000;0101000000B763EAAEEC364A40FD12F1D6F9A72A40
10053;S Lichterfelde Süd (Berlin);52.409.956.000.000;13.308.662.000.000;010100000045662E7079344A40310917F2089E2A40
10054;S Lichterfelde West (Berlin);52.443.512.000.000;13.294.141.000.000;010100000018B14F00C5384A4052D32EA699962A40
10055;S Mahlsdorf Bhf (Berlin);52.512.118.000.000;13.611.230.000.000;0101000000B2D826158D414A400DAB7823F3382B40
10056;S Marienfelde (Berlin);52.423.816.000.000;13.375.022.000.000;0101000000C2C2499A3F364A409F8F32E202C02A40
10057;S Marzahn (Berlin);52.543.272.000.000;13.541.524.000.000;0101000000906AD8EF89454A408BFF3BA242152B40
10058;S Mehrower Allee (Berlin);52.557.816.000.000;13.554.392.000.000;0101000000C097C28366474A40FC53AA44D91B2B40
10059;S Messe Nord/ICC (Berlin);52.506.454.000.000;13.283.043.000.000;0101000000D576137CD3404A4034B91803EB902A40
10060;S Messe Süd (Berlin);52.498.771.000.000;13.270.450.000.000;0101000000BB9866BAD73F4A400A68226C788A2A40
10061;S Mexikoplatz (Berlin);52.437.166.000.000;13.232.060.000.000;01010000002976340EF5374A40666B7D91D0762A40
10062;S Nikolassee (Berlin);52.431.210.000.000;13.193.298.000.000;0101000000A5DAA7E331374A40B1C398F4F7622A40
10063;S Nordbahnhof (Berlin);52.531.672.000.000;13.388.798.000.000;01010000007619FED30D444A401B800D8810C72A40
10064;S Nordbahnhof/Gartenstr. (Berlin);52.533.360.000.000;13.387.492.000.000;01010000004E7FF62345444A405BECF65965C62A40
10065;S Nöldnerplatz (Berlin);52.503.444.000.000;13.484.297.000.000;010100000008AF5DDA70404A40111AC1C6F5F72A40
10066;S Nöldnerplatz/Schlichtallee (Berlin);52.502.274.000.000;13.485.141.000.000;0101000000C8D0B1834A404A40C1E5B16664F82A40
10067;S Oberspree (Berlin);52.452.269.000.000;13.538.461.000.000;010100000050FF59F3E3394A40C9570229B1132B40
10068;S Olympiastadion (Berlin);52.511.135.000.000;13.241.111.000.000;0101000000A56B26DF6C414A406669A7E6727B2A40
10069;S Oranienburger Str. (Berlin);52.525.161.000.000;13.393.068.000.000;01010000003C11C47938434A4050357A3540C92A40
10070;S Osdorfer Str. (Berlin);52.418.373.000.000;13.313.865.000.000;0101000000C443183F8D354A40D4B7CCE9B2A02A40
10071;S Ostbahnhof (Berlin);52.510.001.000.000;13.435.747.000.000;0101000000B2F677B647414A4004A9143B1ADF2A40
10072;S Ostbahnhof/Erich-Steinfurth-Str. (Berlin);52.510.507.000.000;13.437.045.000.000;010100000085B01A4B58414A40B9C2BB5CC4DF2A40
10073;S Ostkreuz Bhf (Berlin);52.502.851.000.000;13.469.093.000.000;010100000065E1EB6B5D404A40A8902BF52CF02A40
10074;S Pankow-Heinersdorf (Berlin);52.577.603.000.000;13.429.090.000.000;0101000000278925E5EE494A40CF143AAFB1DB2A40
10075;S Pichelsberg (Berlin);52.510.264.000.000;13.227.196.000.000;0101000000BF29AC5450414A406490BB0853742A40
10076;S Plänterwald (Berlin);52.478.722.000.000;13.474.029.000.000;010100000017F032C3463D4A400FB6D8EDB3F22A40
10077;S Poelchaustr. (Berlin);52.534.751.000.000;13.536.008.000.000;01010000006C4084B872444A40EBC9FCA36F122B40
10078;S Potsdamer Platz Bhf/Voßstr. (Berlin);52.510.147.000.000;13.376.656.000.000;01010000008693347F4C414A4032AF230ED9C02A40
10079;S Prenzlauer Allee (Berlin);52.544.802.000.000;13.427.419.000.000;0101000000CF656A12BC454A40C860C5A9D6DA2A40
10080;S Priesterweg (Berlin);52.459.239.000.000;13.356.028.000.000;01010000001C06F357C83A4A40ABEB504D49B62A40
10081;S Rahnsdorf (Berlin);52.451.371.000.000;13.691.655.000.000;010100000071AE6186C6394A40D23AAA9A20622B40
10082;S Raoul-Wallenberg-Str. (Berlin);52.550.749.000.000;13.548.392.000.000;010100000001A777F17E464A40ACC612D6C6182B40
10083;S Rathaus Steglitz (Berlin);52.455.961.000.000;13.322.473.000.000;010100000030A017EE5C3A4A409FAF592E1BA52A40
10084;S Rummelsburg (Berlin);52.501.213.000.000;13.478.699.000.000;01010000003FAA61BF27404A407D410B0918F52A40
10085;S Savignyplatz (Berlin);52.505.223.000.000;13.319.003.000.000;0101000000F017B325AB404A40DBA6785C54A32A40
10086;S Schichauweg (Berlin);52.398.563.000.000;13.389.457.000.000;0101000000A532C51C04334A4084656CE866C72A40
10087;S Schlachtensee (Berlin);52.439.806.000.000;13.213.986.000.000;0101000000D34A21904B384A408D9AAF928F6D2A40
10088;S Schulzendorf (Berlin);52.613.513.000.000;13.245.630.000.000;0101000000DE550F98874E4A403DD52137C37D2A40
10089;S Schöneberg (Berlin);52.479.811.000.000;13.352.848.000.000;01010000006AA164726A3D4A4003EB387EA8B42A40
10090;S Schöneweide Bhf (Berlin);52.454.611.000.000;13.510.149.000.000;010100000070B378B1303A4A40992CEE3F32052B40
10091;S Schöneweide/Sterndamm (Berlin);52.453.921.000.000;13.509.993.000.000;0101000000DBFB54151A3A4A40BB6070CD1D052B40
10092;S Schönholz (Berlin);52.571.901.000.000;13.380.242.000.000;01010000005CC64D0D34494A409B215514AFC22A40
10093;S Sonnenallee (Berlin);52.473.843.000.000;13.455.986.000.000;010100000022382EE3A63C4A4022DE3AFF76E92A40
10094;S Sonnenallee/Saalestr. (Berlin);52.472.215.000.000;13.454.458.000.000;01010000001FD7868A713C4A40A7CF0EB8AEE82A40
10095;S Spandau Bhf (Berlin);52.534.798.000.000;13.197.477.000.000;0101000000ADFBC74274444A40A46C91B41B652A40
10096;S Spindlersfeld (Berlin);52.445.938.000.000;13.562.701.000.000;01010000009605137F14394A405EDA70581A202B40
10097;S Springpfuhl (Berlin);52.525.806.000.000;13.536.904.000.000;010100000032056B9C4D434A40E42EC214E5122B40
10098;S Storkower Str. (Berlin);52.524.195.000.000;13.464.884.000.000;010100000005DD5ED218434A4009DE904605EE2A40
10099;S Stresow (Berlin);52.532.505.000.000;13.209.130.000.000;01010000006EFAB31F29444A4097395D16136B2A40
10100;S Sundgauer Str. (Berlin);52.436.187.000.000;13.273.501.000.000;01010000005DF8C1F9D4374A40BAD8B452088C2A40
10101;S Südende (Berlin);52.448.899.000.000;13.354.077.000.000;0101000000821ABE8575394A4016889E9449B52A40
10102;S Südkreuz Bhf (Berlin);52.475.468.000.000;13.365.579.000.000;0101000000B325AB22DC3C4A407235B22B2DBB2A40
10103;S Südkreuz Bhf/Ostseite (Berlin);52.474.505.000.000;13.367.183.000.000;0101000000ED647094BC3C4A405A4B0169FFBB2A40
10104;S Tegel (Berlin);52.588.805.000.000;13.288.695.000.000;0101000000535C55F65D4B4A409609BFD4CF932A40
10105;S Tiergarten (Berlin);52.513.959.000.000;13.336.241.000.000;0101000000103E9468C9414A400F26C5C727AC2A40
10106;S Treptower Park (Berlin);52.493.022.000.000;13.460.887.000.000;0101000000B11A4B581B3F4A40984D8061F9EB2A40
10107;S Waidmannslust (Berlin);52.606.814.000.000;13.320.549.000.000;0101000000A260C614AC4D4A40F0879FFF1EA42A40
10108;S Wannsee Bhf (Berlin);52.421.457.000.000;13.179.099.000.000;0101000000CBD58F4DF2354A401C7E37DDB25B2A40
10109;S Warschauer Str. (Berlin);52.507.983.000.000;13.450.546.000.000;010100000045F6419605414A40EEAF1EF7ADE62A40
10110;S Wartenberg (Berlin);52.573.266.000.000;13.504.238.000.000;010100000051F4C0C760494A4008CDAE7B2B022B40
10111;S Westend (Berlin);52.518.610.000.000;13.284.237.000.000;010100000075B0FECF61424A4055A0168387912A40
10112;S Westkreuz (Berlin);52.501.152.000.000;13.283.036.000.000;01010000009929ADBF25404A406A2E3718EA902A40
10113;S Wilhelmshagen (Berlin);52.438.571.000.000;13.721.004.000.000;0101000000ADFC321823384A400492B06F27712B40
10114;S Wilhelmsruh (Berlin);52.581.588.000.000;13.363.284.000.000;01010000007FDFBF79714A4A40F451465C00BA2A40
10115;S Wollankstr. (Berlin);52.564.974.000.000;13.393.150.000.000;01010000008F8B6A1151484A4045D8F0F44AC92A40
10116;S Wollankstr./Sternstr. (Berlin);52.565.352.000.000;13.391.540.000.000;0101000000355D4F745D484A40D5264EEE77C82A40
10117;S Wuhlheide (Berlin);52.469.058.000.000;13.553.527.000.000;0101000000ADF6B0170A3C4A40EFE714E4671B2B40
10118;S Zehlendorf (Berlin);52.431.209.000.000;13.259.227.000.000;0101000000D55E44DB31374A40FA7ABE66B9842A40
10119;S+U Alexanderplatz Bhf (Berlin);52.521.512.000.000;13.411.267.000.000;01010000005C3CBCE7C0424A401BD9959691D22A40
10120;S+U Alexanderplatz Bhf/Dircksenstr. (Berlin);52.521.827.000.000;13.411.233.000.000;0101000000BC95253ACB424A406A12BC218DD22A40
10121;S+U Alexanderplatz Bhf/Gontardstr. (Berlin);52.521.063.000.000;13.411.252.000.000;0101000000EC134031B2424A4045D4449F8FD22A40
10122;S+U Berlin Hauptbahnhof;52.525.847.000.000;13.368.924.000.000;010100000090D959F44E434A40446B459BE3BC2A40
10123;S+U Berlin Hauptbahnhof (tief);52.525.042.000.000;13.369.386.000.000;01010000006283859334434A4055336B2920BD2A40
10124;S+U Brandenburger Tor (Berlin);52.516.511.000.000;13.381.937.000.000;01010000001B834E081D424A40C443183F8DC32A40
10125;S+U Brandenburger Tor/Glinkastr. (Berlin);52.516.702.000.000;13.384.094.000.000;01010000008FE3874A23424A40FD2D01F8A7C42A40
10126;S+U Bundesplatz (Berlin);52.477.366.000.000;13.329.149.000.000;0101000000761C3F541A3D4A40AF05BD3786A82A40
10127;S+U Frankfurter Allee (Berlin);52.513.613.000.000;13.475.300.000.000;010100000075E61E12BE414A40DE9387855AF32A40
10128;S+U Friedrichstr. Bhf (Berlin);52.520.270.000.000;13.387.153.000.000;0101000000828B153598424A40B91803EB38C62A40
10129;S+U Gesundbrunnen Bhf (Berlin);52.548.637.000.000;13.388.372.000.000;01010000001230BABC39464A403E5DDDB1D8C62A40
10130;S+U Heidelberger Platz (Berlin);52.479.446.000.000;13.311.843.000.000;010100000059198D7C5E3D4A401AF9BCE2A99F2A40
10131;S+U Hermannstr. (Berlin);52.467.181.000.000;13.431.704.000.000;010100000002284696CC3B4A40D21A834E08DD2A40
10132;S+U Hermannstr./Silbersteinstr. (Berlin);52.466.432.000.000;13.431.959.000.000;010100000068E7340BB43B4A40FD6CE4BA29DD2A40
10133;S+U Innsbrucker Platz (Berlin);52.478.100.000.000;13.342.875.000.000;0101000000DA1B7C61323D4A40643BDF4F8DAF2A40
10134;S+U Jannowitzbrücke (Berlin);52.515.500.000.000;13.418.027.000.000;0101000000448B6CE7FB414A40A3B08BA207D62A40
10135;S+U Jungfernheide Bhf (Berlin);52.530.431.000.000;13.300.135.000.000;01010000006DE4BA29E5434A4019C5724BAB992A40
10136;S+U Karl-Bonhoeffer-Nervenklinik (Berlin);52.578.169.000.000;13.332.921.000.000;0101000000D0471971014A4A40A14D0E9F74AA2A40
10137;S+U Lichtenberg Bhf (Berlin);52.510.754.000.000;13.498.228.000.000;01010000008D26176360414A4029E78BBD17FF2A40
10138;S+U Lichtenberg Bhf/Gudrunstr. (Berlin);52.512.367.000.000;13.500.065.000.000;01010000005A46EA3D95414A409CBF098508002B40
10139;S+U Lichtenberg Bhf/Siegfriedstr. (Berlin);52.512.315.000.000;13.497.750.000.000;01010000000820B58993414A40022B8716D9FE2A40
10140;S+U Neukölln (Berlin);52.469.282.000.000;13.443.692.000.000;0101000000FD4CBD6E113C4A4061FE0A992BE32A40
10141;S+U Pankow (Berlin);52.567.281.000.000;13.412.279.000.000;01010000003352EFA99C484A40B9A7AB3B16D32A40
10142;S+U Potsdamer Platz Bhf (Berlin);52.509.340.000.000;13.376.454.000.000;0101000000B745990D32414A4093E52494BEC02A40
10143;S+U Rathaus Spandau (Berlin);52.535.798.000.000;13.199.891.000.000;010100000090A1630795444A408B87F71C58662A40
10144;S+U Rathaus Steglitz (Berlin);52.455.066.000.000;13.322.152.000.000;0101000000C2C2499A3F3A4A4097AE601BF1A42A40
10145;S+U Rathaus Steglitz/Kreisel (Berlin);52.455.889.000.000;13.320.852.000.000;010100000096CD1C925A3A4A405FB69DB646A42A40
10146;S+U Schönhauser Allee (Berlin);52.549.336.000.000;13.415.138.000.000;0101000000FA415DA450464A4059A7CAF78CD42A40
10147;S+U Tempelhof (Berlin);52.470.694.000.000;13.385.754.000.000;0101000000333674B33F3C4A40359A5C8C81C52A40
10148;S+U Warschauer Str. (Berlin);52.505.765.000.000;13.449.159.000.000;0101000000103B53E8BC404A407B681F2BF8E52A40
10149;S+U Wedding (Berlin);52.542.732.000.000;13.366.060.000.000;0101000000103FFF3D78454A405DBF60376CBB2A40
10150;S+U Westhafen (Berlin);52.536.183.000.000;13.343.837.000.000;0101000000E9D500A5A1444A403C4F3C670BB02A40
10151;S+U Wittenau (Berlin);52.596.392.000.000;13.335.481.000.000;01010000004BCCB392564C4A40D7DB662AC4AB2A40
10152;S+U Wuhletal (Berlin);52.512.724.000.000;13.574.536.000.000;0101000000E9EFA5F0A0414A40D3BF249529262B40
10153;S+U Yorckstr. (Berlin);52.492.766.000.000;13.370.429.000.000;0101000000564ACFF4123F4A40DFFAB0DEA8BD2A40
10154;S+U Yorckstr. S1 U7 (Berlin);52.492.345.000.000;13.367.986.000.000;0101000000B0AC3429053F4A408FC536A968BC2A40
10155;S+U Yorckstr. S2 S25 S26 U7 (Berlin);52.492.323.000.000;13.372.226.000.000;0101000000C808A870043F4A401971016894BE2A40
10156;S+U Zoologischer Garten Bhf (Berlin);52.506.921.000.000;13.332.707.000.000;0101000000EB538EC9E2404A40F04C689258AA2A40
10157;S+U Zoologischer Garten/Jebensstr. (Berlin);52.507.126.000.000;13.330.430.000.000;0101000000C4793881E9404A400C3CF71E2EA92A40
10158;U Adenauerplatz (Berlin);52.500.086.000.000;13.307.348.000.000;0101000000FF976BD102404A4065FB90B75C9D2A40
10159;U Afrikanische Str. (Berlin);52.560.862.000.000;13.333.502.000.000;0101000000DAC87553CA474A401A4D2EC6C0AA2A40
10160;U Alt-Mariendorf (Berlin);52.439.641.000.000;13.387.456.000.000;0101000000897D022846384A40284701A260C62A40
10161;U Alt-Tegel (Berlin);52.589.649.000.000;13.283.821.000.000;01010000003F8F519E794B4A4006D671FC50912A40
10162;U Alt-Tempelhof (Berlin);52.465.930.000.000;13.385.796.000.000;0101000000D61C2098A33B4A40F0DAA50D87C52A40
10163;U Altstadt Spandau (Berlin);52.539.161.000.000;13.206.763.000.000;0101000000AB23473A03454A40B30B06D7DC692A40
10164;U Amrumer Str. (Berlin);52.542.202.000.000;13.349.534.000.000;0101000000B4E908E066454A401DAED51EF6B22A40
10165;U Augsburger Str. (Berlin);52.500.557.000.000;13.336.771.000.000;01010000005664744012404A40817B9E3F6DAC2A40
10166;U Bayerischer Platz (Berlin);52.488.654.000.000;13.340.237.000.000;0101000000A087DA368C3E4A403FC7478B33AE2A40
10167;U Berliner Str. (Berlin);52.487.047.000.000;13.331.355.000.000;0101000000B54E5C8E573E4A406FBBD05CA7A92A40
10168;U Bernauer Str. (Berlin);52.537.994.000.000;13.396.231.000.000;0101000000DCB8C5FCDC444A40A05225CADECA2A40
10169;U Biesdorf-Süd (Berlin);52.499.517.000.000;13.547.326.000.000;0101000000E4654D2CF03F4A4041800C1D3B182B40
10170;U Birkenstr. (Berlin);52.532.229.000.000;13.341.417.000.000;0101000000CC7D721420444A40CC988235CEAE2A40
10171;U Bismarckstr. (Berlin);52.511.543.000.000;13.305.335.000.000;0101000000B6BFB33D7A414A40F8A57EDE549C2A40
10172;U Blaschkoallee (Berlin);52.452.743.000.000;13.448.976.000.000;0101000000183F8D7BF3394A40B760A92EE0E52A40
10173;U Blissestr. (Berlin);52.486.478.000.000;13.320.545.000.000;01010000009B1C3EE9443E4A40EACA67791EA42A40
10174;U Blissestr./Uhlandstr. (Berlin);52.486.478.000.000;13.322.487.000.000;01010000009B1C3EE9443E4A4033C51C041DA52A40
10175;U Boddinstr. (Berlin);52.479.745.000.000;13.425.782.000.000;0101000000B3B5BE48683D4A4071732A1900DA2A40
10176;U Borsigwerke (Berlin);52.582.139.000.000;13.290.122.000.000;0101000000F25CDF87834A4A4042B3EBDE8A942A40
10177;U Breitenbachplatz (Berlin);52.467.342.000.000;13.309.276.000.000;01010000000C06D7DCD13B4A401AE0826C599E2A40
10178;U Britz-Süd (Berlin);52.437.076.000.000;13.447.668.000.000;0101000000E9EE3A1BF2374A4074EE76BD34E52A40
10179;U Bundestag (Berlin);52.519.908.000.000;13.373.454.000.000;0101000000E27668588C424A40EB1ED95C35BF2A40
10180;U Bülowstr. (Berlin);52.497.627.000.000;13.362.456.000.000;0101000000A54DD53DB23F4A405B7A34D593B92A40
10181;U Cottbusser Platz (Berlin);52.533.963.000.000;13.596.894.000.000;010100000014234BE658444A40755B22179C312B40
10182;U Dahlem-Dorf (Berlin);52.457.695.000.000;13.290.011.000.000;01010000007845F0BF953A4A40E4F560527C942A40
10183;U Deutsche Oper (Berlin);52.511.827.000.000;13.309.420.000.000;0101000000DA1A118C83414A40E674594C6C9E2A40
10184;U Eberswalder Str. (Berlin);52.541.022.000.000;13.412.154.000.000;010100000050357A3540454A40C7D45DD905D32A40
10185;U Eberswalder Str./Pappelallee (Berlin);52.541.498.000.000;13.412.833.000.000;0101000000B96C74CE4F454A404C6BD3D85ED32A40
10186;U Eisenacher Str. (Berlin);52.489.477.000.000;13.350.284.000.000;01010000007592AD2EA73E4A40C79FA86C58B32A40
10187;U Elsterwerdaer Platz (Berlin);52.504.643.000.000;13.560.762.000.000;0101000000E2934E2498404A40DAAD65321C1F2B40
10188;U Elsterwerdaer Platz (Berlin) Bus Köpenicker S.;52.505.252.000.000;13.562.256.000.000;01010000008A1EF818AC404A40A5F5B704E01F2B40
10189;U Ernst-Reuter-Platz (Berlin);52.511.582.000.000;13.322.581.000.000;0101000000739CDB847B414A40389F3A5629A52A40
10190;U Fehrbelliner Platz (Berlin);52.490.201.000.000;13.314.519.000.000;0101000000B6BB07E8BE3E4A40F6F065A208A12A40
10191;U Frankfurter Tor (Berlin);52.515.772.000.000;13.454.085.000.000;0101000000A41820D104424A40543541D47DE82A40
10192;U Franz-Neumann-Platz (Berlin);52.563.854.000.000;13.364.283.000.000;010100000001DC2C5E2C484A4040FA264D83BA2A40
10193;U Französische Str. (Berlin);52.514.770.000.000;13.389.208.000.000;0101000000207BBDFBE3414A40E2AE5E4546C72A40
10194;U Freie Universität (Thielplatz) (Berlin);52.451.000.000.000;13.281.651.000.000;01010000007D3F355EBA394A407AC5538F34902A40
10195;U Friedrich-Wilhelm-Platz (Berlin);52.471.439.000.000;13.328.676.000.000;01010000008B87F71C583C4A40CFF57D3848A82A40
10196;U Friedrichsfelde (Berlin);52.505.464.000.000;13.513.544.000.000;010100000016A75A0BB3404A40321D3A3DEF062B40
10197;U Friedrichsfelde/Massower Str. (Berlin);52.506.622.000.000;13.511.633.000.000;010100000091B75CFDD8404A40D61BB5C2F4052B40
10198;U Gleisdreieck (Berlin);52.499.587.000.000;13.374.293.000.000;0101000000DD408177F23F4A40533E0455A3BF2A40
10199;U Gneisenaustr. (Berlin);52.491.252.000.000;13.395.382.000.000;01010000001C0C7558E13E4A40A9DA6E826FCA2A40
10200;U Grenzallee (Berlin);52.463.516.000.000;13.444.828.000.000;01010000001C96067E543B4A40AFB0E07EC0E32A40
10201;U Grenzallee/Jahnstr. (Berlin);52.461.654.000.000;13.445.664.000.000;0101000000A708707A173B4A40540262122EE42A40
10202;U Görlitzer Bahnhof (Berlin);52.499.035.000.000;13.428.468.000.000;01010000009947FE60E03F4A40DBC35E2860DB2A40
10203;U Güntzelstr. (Berlin);52.491.992.000.000;13.331.210.000.000;010100000063F20698F93E4A4061376C5B94A92A40
10204;U Halemweg (Berlin);52.536.703.000.000;13.286.578.000.000;0101000000225514AFB2444A409581035ABA922A40
10205;U Hallesches Tor (Berlin);52.497.774.000.000;13.391.760.000.000;01010000004966F50EB73F4A400DC347C494C82A40
10206;U Hansaplatz (Berlin);52.518.111.000.000;13.342.165.000.000;01010000005359147651424A40F3AB394030AF2A40
10207;U Haselhorst (Berlin);52.538.718.000.000;13.232.309.000.000;01010000001EE21FB6F4444A4008228B34F1762A40
10208;U Haselhorst/Daumstr. (Berlin);52.539.580.000.000;13.232.362.000.000;0101000000B0C91AF510454A4093AAED26F8762A40
10209;U Hausvogteiplatz (Berlin);52.513.361.000.000;13.395.346.000.000;01010000005C0531D0B5414A40763579CA6ACA2A40
10210;U Heinrich-Heine-Str. (Berlin);52.510.858.000.000;13.416.169.000.000;0101000000327381CB63414A40D237691A14D52A40
10211;U Hellersdorf (Berlin);52.535.946.000.000;13.605.794.000.000;01010000000536E7E099444A40DE3994A12A362B40
10212;U Hermannplatz (Berlin);52.486.957.000.000;13.424.720.000.000;010100000075C7629B543E4A400CEA5BE674D92A40
10213;U Hermannplatz/Karl-Marx-Str. (Berlin);52.486.069.000.000;13.424.500.000.000;0101000000BA4C4D82373E4A40D34D621058D92A40
10214;U Hermannplatz/Sonnenallee (Berlin);52.487.555.000.000;13.426.477.000.000;01010000002A00C633683E4A400DFE7E315BDA2A40
10215;U Hermannplatz/Urbanstr. (Berlin);52.488.028.000.000;13.424.578.000.000;010100000022C495B3773E4A40C233A14962D92A40
10216;U Hohenzollernplatz (Berlin);52.493.833.000.000;13.324.051.000.000;0101000000C15774EB353F4A40E2783E03EAA52A40
10217;U Holzhauser Str. (Berlin);52.576.252.000.000;13.295.083.000.000;0101000000962023A0C2494A400D36751E15972A40
10218;U Hönow (Berlin);52.538.105.000.000;13.634.541.000.000;01010000003468E89FE0444A4039F1D58EE2442B40
10219;U Jakob-Kaiser-Platz (Berlin);52.536.985.000.000;13.293.661.000.000;0101000000A6B8AAECBB444A40A8380EBC5A962A40
10220;U Johannisthaler Chaussee (Berlin);52.429.253.000.000;13.453.851.000.000;0101000000DE5A26C3F1364A40888384285FE82A40
10221;U Kaiserdamm (Berlin);52.509.985.000.000;13.281.695.000.000;0101000000AC39403047414A40B8E4B8533A902A40
10222;U Kaiserin-Augusta-Str. (Berlin);52.460.512.000.000;13.384.905.000.000;010100000031B5A50EF23A4A403E22A64412C52A40
10223;U Karl-Marx-Str. (Berlin);52.476.429.000.000;13.439.805.000.000;0101000000D9EE1EA0FB3C4A400C3CF71E2EE12A40
10224;U Kaulsdorf-Nord (Berlin);52.521.436.000.000;13.588.763.000.000;0101000000817A336ABE424A4090300C58722D2B40
10225;U Kienberg (Berlin);52.527.349.000.000;13.589.345.000.000;0101000000064A0A2C80434A404B1FBAA0BE2D2B40
10226;U Kienberg (Gärten der Welt) (Berlin);52.528.490.000.000;13.590.550.000.000;0101000000AB21718FA5434A403C4ED1915C2E2B40
10227;U Kleistpark (Berlin);52.490.845.000.000;13.360.917.000.000;0101000000DB334B02D43E4A401024EF1CCAB82A40
10228;U Klosterstr. (Berlin);52.517.229.000.000;13.412.455.000.000;01010000007AC5538F34424A40B324404D2DD32A40
10229;U Kochstr./Checkpoint Charlie (Berlin);52.506.673.000.000;13.390.863.000.000;010100000013622EA9DA404A40D26EF4311FC82A40
10230;U Konstanzer Str. (Berlin);52.493.567.000.000;13.310.084.000.000;010100000042B115342D3F4A4096067E54C39E2A40
10231;U Kottbusser Tor (Berlin);52.499.047.000.000;13.417.748.000.000;01010000005D15A8C5E03F4A4056F0DB10E3D52A40
10232;U Krumme Lanke (Berlin);52.442.615.000.000;13.240.360.000.000;01010000000ADCBA9BA7384A407B884677107B2A40
10233;U Kurfürstendamm (Berlin);52.503.763.000.000;13.331.419.000.000;0101000000A9F7544E7B404A40CA8B4CC0AFA92A40
10234;U Kurfürstenstr. (Berlin);52.499.778.000.000;13.362.857.000.000;010100000051A1BAB9F83F4A40D53F8864C8B92A40
10235;U Kurt-Schumacher-Platz (Berlin);52.563.483.000.000;13.327.328.000.000;01010000000D6D003620484A4053211E8997A72A40
10236;U Leinestr. (Berlin);52.472.874.000.000;13.428.400.000.000;010100000079909E22873C4A407A36AB3E57DB2A40
10237;U Leopoldplatz (Berlin);52.546.493.000.000;13.359.395.000.000;0101000000183F8D7BF3454A401CB1169F02B82A40
10238;U Lindauer Allee (Berlin);52.575.394.000.000;13.339.047.000.000;01010000004628B682A6494A40249D819197AD2A40
10239;U Lipschitzallee (Berlin);52.424.645.000.000;13.463.109.000.000;010100000078B471C45A364A406EF7729F1CED2A40
10240;U Louis-Lewin-Str. (Berlin);52.539.135.000.000;13.619.707.000.000;010100000082902C6002454A405D34643C4A3D2B40
10241;U Magdalenenstr. (Berlin);52.512.214.000.000;13.489.439.000.000;0101000000D446753A90414A401EC6A4BF97FA2A40
10242;U Mehringdamm (Berlin);52.493.567.000.000;13.388.140.000.000;010100000042B115342D3F4A40F4893C49BAC62A40
10243;U Mehringdamm. (Berlin);52.492.772.000.000;13.388.392.000.000;010100000038312427133F4A405A0EF450DBC62A40
10244;U Mendelssohn-Bartholdy-Park (Berlin);52.503.806.000.000;13.374.719.000.000;0101000000A8C30AB77C404A403161342BDBBF2A40
10245;U Mierendorffplatz (Berlin);52.525.978.000.000;13.305.715.000.000;01010000002F35423F53434A4014CB2DAD869C2A40
10246;U Mohrenstr. (Berlin);52.511.519.000.000;13.383.798.000.000;01010000002D24607479414A40598AE42B81C42A40
10247;U Moritzplatz (Berlin);52.503.739.000.000;13.410.947.000.000;0101000000215C01857A404A4054C72AA567D22A40
10248;U Märkisches Museum (Berlin);52.512.007.000.000;13.408.767.000.000;01010000005A29047289414A40395E81E849D12A40
10249;U Märkisches Museum/Inselstr. (Berlin);52.512.353.000.000;13.412.093.000.000;0101000000F58079C894414A4031D28BDAFDD22A40
10250;U Möckernbrücke (Berlin);52.498.944.000.000;13.383.256.000.000;01010000008944A165DD3F4A40D6FD63213AC42A40
10251;U Naturkundemuseum (Berlin);52.531.254.000.000;13.382.415.000.000;010100000041EF8D2100444A40EBFF1CE6CBC32A40
10252;U Nauener Platz (Berlin);52.551.524.000.000;13.367.365.000.000;0101000000C47AA35698464A40DC63E94317BC2A40
10253;U Neu-Westend (Berlin);52.516.409.000.000;13.259.910.000.000;0101000000172EABB019424A4085CE6BEC12852A40
10254;U Nollendorfplatz (Berlin);52.499.644.000.000;13.353.825.000.000;010100000042D2A755F43F4A40B003E78C28B52A40
10255;U Olympia-Stadion (Berlin);52.517.048.000.000;13.250.500.000.000;01010000002A3BFDA02E424A40C74B378941802A40
10256;U Onkel Toms Hütte (Berlin);52.450.146.000.000;13.254.016.000.000;01010000006D3656629E394A404C5299620E822A40
10257;U Oranienburger Tor (Berlin);52.525.163.000.000;13.387.587.000.000;0101000000DD088B8A38434A40A2B5A2CD71C62A40
10258;U Oskar-Helene-Heim (Berlin);52.450.419.000.000;13.268.910.000.000;01010000009E3F6D54A7394A407D224F92AE892A40
10259;U Osloer Str. (Berlin);52.557.107.000.000;13.373.279.000.000;0101000000B4AF3C484F474A403291D26C1EBF2A40
10260;U Osloer Str./Tromsöer Str. (Berlin);52.558.016.000.000;13.372.492.000.000;010100000087527B116D474A40130B7C45B7BE2A40
10261;U Otisstr. (Berlin);52.571.122.000.000;13.303.074.000.000;0101000000580394861A494A402B89EC832C9B2A40
10262;U Pankstr. (Berlin);52.552.255.000.000;13.381.837.000.000;0101000000B806B64AB0464A4036CEA62380C32A40
10263;U Paracelsus-Bad (Berlin);52.574.534.000.000;13.347.532.000.000;0101000000543882548A494A407FA0DCB6EFB12A40
10264;U Paracelsus-Bad/Aroser Allee (Berlin);52.574.002.000.000;13.350.806.000.000;010100000057EBC4E578494A402D7B12D89CB32A40
10265;U Paradestr. (Berlin);52.478.142.000.000;13.386.725.000.000;0101000000096CCEC1333D4A405917B7D100C62A40
10266;U Parchimer Allee (Berlin);52.445.299.000.000;13.449.967.000.000;010100000083F8C08EFF384A40F78E1A1362E62A40
10267;U Paulsternstr. (Berlin);52.538.098.000.000;13.248.593.000.000;010100000081053065E0444A407007EA94477F2A40
10268;U Platz der Luftbrücke (Berlin);52.485.669.000.000;13.387.799.000.000;01010000002CD7DB662A3E4A40CFD72C978DC62A40
10269;U Podbielskiallee (Berlin);52.464.172.000.000;13.295.203.000.000;010100000005DCF3FC693B4A40B85CFDD824972A40
10270;U Prinzenstr. (Berlin);52.498.274.000.000;13.406.531.000.000;01010000003B394371C73F4A40CF9ECBD424D02A40
10271;U Rathaus Neukölln (Berlin);52.481.146.000.000;13.434.807.000.000;0101000000F54C2F31963D4A40CC24EA059FDE2A40
10272;U Rathaus Reinickendorf (Berlin);52.588.218.000.000;13.325.568.000.000;0101000000927538BA4A4B4A408E3F51D9B0A62A40
10273;U Rathaus Schöneberg (Berlin);52.483.332.000.000;13.341.989.000.000;01010000001D8EAED2DD3D4A40F92EA52E19AF2A40
10274;U Rehberge (Berlin);52.556.670.000.000;13.341.013.000.000;010100000008556AF640474A408E05854199AE2A40
10275;U Reinickendorfer Str. (Berlin);52.539.895.000.000;13.370.393.000.000;0101000000102384471B454A40AC55BB26A4BD2A40
10276;U Reinickendorfer Str./Fennstr. (Berlin);52.541.524.000.000;13.369.412.000.000;0101000000E3FF8EA850454A40FA7FD59123BD2A40
10277;U Residenzstr. (Berlin);52.570.843.000.000;13.360.635.000.000;01010000004513286211494A40FF959526A5B82A40
10278;U Richard-Wagner-Platz (Berlin);52.517.154.000.000;13.307.221.000.000;01010000006F7F2E1A32424A40F14927124C9D2A40
10279;U Rohrdamm (Berlin);52.536.904.000.000;13.262.870.000.000;0101000000B98B3045B9444A40F4328AE596862A40
10280;U Rosa-Luxemburg-Platz (Berlin);52.528.191.000.000;13.410.405.000.000;010100000051853FC39B434A40D23AAA9A20D22A40
10281;U Rosenthaler Platz (Berlin);52.529.781.000.000;13.401.393.000.000;0101000000668522DDCF434A40C9AF1F6283CD2A40
10282;U Rudow (Berlin);52.415.714.000.000;13.496.527.000.000;0101000000A33EC91D36354A40782975C938FE2A40
10283;U Ruhleben (Berlin);52.525.587.000.000;13.241.902.000.000;0101000000F419506F46434A408AAC3594DA7B2A40
10284;U Rüdesheimer Platz (Berlin);52.472.462.000.000;13.314.387.000.000;0101000000274D83A2793C4A403A933655F7A02A40
10285;U Samariterstr. (Berlin);52.514.662.000.000;13.465.347.000.000;01010000003A3FC571E0414A405B9544F641EE2A40
10286;U Scharnweberstr. (Berlin);52.567.111.000.000;13.311.524.000.000;0101000000D619DF1797484A4095D6DF12809F2A40
10287;U Schillingstr. (Berlin);52.520.316.000.000;13.421.895.000.000;0101000000F3CAF5B699424A401CB1169F02D82A40
10288;U Schlesisches Tor (Berlin);52.501.147.000.000;13.441.791.000.000;010100000088BEBB9525404A409355116E32E22A40
10289;U Schloßstr. (Berlin);52.461.183.000.000;13.324.836.000.000;01010000004F3C670B083B4A407D2079E750A62A40
10290;U Schwartzkopffstr. (Berlin);52.535.397.000.000;13.377.033.000.000;010100000032B08EE387444A408A0629780AC12A40
10291;U Schönleinstr. (Berlin);52.493.179.000.000;13.422.241.000.000;010100000078094E7D203F4A40880FECF82FD82A40
10292;U Seestr. (Berlin);52.550.470.000.000;13.351.969.000.000;0101000000EDB60BCD75464A406269E04735B42A40
10293;U Senefelderplatz (Berlin);52.532.622.000.000;13.412.625.000.000;0101000000A8902BF52C444A402506819543D32A40
10294;U Siemensdamm (Berlin);52.537.026.000.000;13.273.323.000.000;0101000000048D9944BD444A403D7D04FEF08B2A40
10295;U Sophie-Charlotte-Platz (Berlin);52.510.970.000.000;13.297.463.000.000;01010000005A9E077767414A40448A01124D982A40
10296;U Spichernstr. (Berlin);52.496.582.000.000;13.330.613.000.000;010100000021E4BCFF8F3F4A40D0436D1B46A92A40
10297;U Spittelmarkt (Berlin);52.511.301.000.000;13.402.352.000.000;0101000000C0B4A84F72414A40DCF5D21401CE2A40
10298;U Stadtmitte (Berlin);52.511.495.000.000;13.389.719.000.000;0101000000A4880CAB78414A407842AF3F89C72A40
10299;U Stadtmitte/Leipziger Str. (Berlin);52.510.324.000.000;13.389.918.000.000;0101000000942EFD4B52414A40533E0455A3C72A40
10300;U Strausberger Platz (Berlin);52.518.025.000.000;13.432.208.000.000;010100000055C1A8A44E424A409E23F25D4ADD2A40
10301;U Südstern (Berlin);52.489.219.000.000;13.407.685.000.000;010100000079CA6ABA9E3E4A40B8239C16BCD02A40
10302;U Tempelhof/Ringbahnstr. (Berlin);52.468.806.000.000;13.385.842.000.000;01010000009415C3D5013C4A40B2D826158DC52A40
10303;U Tierpark (Berlin);52.497.236.000.000;13.523.626.000.000;01010000006A32E36DA53F4A40ACAB02B5180C2B40
10304;U Turmstr. (Berlin);52.525.938.000.000;13.341.417.000.000;0101000000A0DCB6EF51434A40CC988235CEAE2A40
10305;U Uhlandstr. (Berlin);52.502.742.000.000;13.326.233.000.000;0101000000AE2990D959404A407FC0030308A72A40
10306;U Ullsteinstr. (Berlin);52.453.450.000.000;13.384.771.000.000;0101000000832F4CA60A3A4A4000E65AB400C52A40
10307;U Viktoria-Luise-Platz (Berlin);52.496.169.000.000;13.343.264.000.000;0101000000FF243E77823F4A40CDC98B4CC0AF2A40
10308;U Vinetastr. (Berlin);52.559.517.000.000;13.413.770.000.000;01010000002C47C8409E474A40C02154A9D9D32A40
10309;U Voltastr. (Berlin);52.541.930.000.000;13.393.157.000.000;0101000000535C55F65D454A400F63D2DF4BC92A40
10310;U Walther-Schreiber-Platz (Berlin);52.464.998.000.000;13.328.409.000.000;01010000004B5AF10D853B4A40946C753925A82A40
10311;U Weberwiese (Berlin);52.516.848.000.000;13.443.278.000.000;01010000006380441328424A4094128255F5E22A40
10312;U Weinmeisterstr. (Berlin);52.525.376.000.000;13.405.305.000.000;0101000000390D51853F434A4081CF0F2384CF2A40
10313;U Weinmeisterstr./Gipsstr. (Berlin);52.525.487.000.000;13.403.526.000.000;010100000090BC732843434A40E02BBAF59ACE2A40
10314;U Westphalweg (Berlin);52.445.801.000.000;13.385.561.000.000;010100000016C3D50110394A40E2395B4068C52A40
10315;U Wilmersdorfer Str. (Berlin);52.506.415.000.000;13.306.774.000.000;0101000000179AEB34D2404A40B686527B119D2A40
10316;U Wilmersdorfer Str./Kantstr. (Berlin);52.506.641.000.000;13.307.056.000.000;010100000008E8BE9CD9404A40C614AC71369D2A40
10317;U Wilmersdorfer Str./S Charlottenburg (Berlin);52.505.693.000.000;13.306.026.000.000;01010000007768588CBA404A408E739B70AF9C2A40
10318;U Wittenbergplatz (Berlin);52.502.109.000.000;13.342.561.000.000;01010000007D03931B45404A4026C5C72764AF2A40
10319;U Wutzkyallee (Berlin);52.423.152.000.000;13.474.820.000.000;0101000000569E40D829364A4033F9669B1BF32A40
10320;U Zitadelle (Berlin);52.537.522.000.000;13.217.625.000.000;0101000000B5705985CD444A408195438B6C6F2A40
10321;U Zwickauer Damm (Berlin);52.423.032.000.000;13.484.371.000.000;0101000000AB949EE925364A40FA42C879FFF72A40
10322;U Theodor-Heuss-Platz (Berlin);52.509.798.000.000;13.272.977.000.000;01010000007AC8940F41414A40D11E2FA4C38B2A40